{"cameraMode":{"drawMode":0,"name":"Shaded","section":"Shading Mode"},"sceneLighting":true,"audioPlay":false,"sceneViewState":{"m_AlwaysRefresh":false,"showFog":true,"showSkybox":true,"showFlares":true,"showImageEffects":true,"showParticleSystems":true,"showVisualEffectGraphs":true,"m_FxEnabled":true},"in2DMode":false,"pivot":{"x":144.54598999023438,"y":1.5150635242462159,"z":2.4717466831207277},"rotation":{"x":0.1006012111902237,"y":0.11020336300134659,"z":-0.011212803423404694,"w":0.9887412786483765},"size":8.171284675598145,"orthographic":false}