{"cameraMode":{"drawMode":0,"name":"Shaded","section":"Shading Mode"},"sceneLighting":true,"audioPlay":false,"sceneViewState":{"m_AlwaysRefresh":false,"showFog":true,"showSkybox":true,"showFlares":true,"showImageEffects":true,"showParticleSystems":true,"showVisualEffectGraphs":true,"m_FxEnabled":true},"in2DMode":false,"pivot":{"x":212.01217651367188,"y":-3.292409896850586,"z":12.719451904296875},"rotation":{"x":0.3211597502231598,"y":0.015624964609742165,"z":-0.005299618002027273,"w":0.9468812346458435},"size":57.677764892578128,"orthographic":false}